item_type,date_uploaded,source_file,creator,title,creation_date,source_url,format,description,digital_id,rights_advisory,language,location,notes,subject,image_url
Item,2024-12-18,../si676-assignment-1.1/collection-project/item-metadata\item_metadata-cph.3b41963.json,Creator Information Unavailable,"Carnegie Library, Cordele, Georgia",1916-01-01,https://www.loc.gov/pictures/item/91787443/,"{'photo, print, drawing': 'https://www.loc.gov/search/?fa=original_format:photo,+print,+drawing&fo=json'}","Photo shows a group of children posed on and in front of steps, roof and dome draped with stars and stripes banners. A Carnegie grant for $10,000 in 1903 funded this building, with an  additional $7,556 in 1916 for remodeling. Still used as a public library.",//hdl.loc.gov/loc.pnp/cph.3b41963,No known restrictions on publication.,['english'],"['cordele', 'georgia']","['At bottom right of photo: ""Cordele Book Co.""', 'Wittemann Collection.']","['cordele', 'georgia', 'libraries', 'photographic prints']",https://tile.loc.gov/storage-services/service/pnp/cph/3b40000/3b41000/3b41900/3b41963r.jpg#h=515&w=640
Item,2024-12-18,../si676-assignment-1.1/collection-project/item-metadata\item_metadata-cph.3b43255.json,"['Dwight, Mabel, 1876-1955, artist']",Silence / Mabel Dwight.,1939-01-01,https://www.loc.gov/pictures/item/89710983/,"{'photo, print, drawing': 'https://www.loc.gov/search/?fa=original_format:photo,+print,+drawing&fo=json'}",Group of people reading in library.,//hdl.loc.gov/loc.pnp/cph.3b43255,"No known restrictions on publication. For more information, see Federal Art Project (FAP) Prints  - Rights and Restrictions Information http://hdl.loc.gov/loc.pnp/res.750.fap",['english'],Location Information Unavailable,"['Signed in pencil.', '""Federal Art Project, NYC WPA.""']","['reading', 'reading rooms', 'lithographs']",https://tile.loc.gov/storage-services/service/pnp/cph/3b40000/3b43000/3b43200/3b43255r.jpg#h=422&w=640
Item,2024-12-18,../si676-assignment-1.1/collection-project/item-metadata\item_metadata-cph.3c18157.json,Creator Information Unavailable,"Carnegie Library, Sheldon, Iowa",1909-01-01,https://www.loc.gov/pictures/item/97511671/,"{'photo, print, drawing': 'https://www.loc.gov/search/?fa=original_format:photo,+print,+drawing&fo=json'}","Exterior of library, with six people on steps.",//hdl.loc.gov/loc.pnp/cph.3c18157,Undetermined,['english'],"['iowa', 'sheldon']","['H125256 U.S. Copyright Office.', 'No. 1.']","['iowa', 'libraries', 'sheldon', 'photographic prints']",https://tile.loc.gov/storage-services/service/pnp/cph/3c10000/3c18000/3c18100/3c18157r.jpg#h=515&w=640
Item,2024-12-18,../si676-assignment-1.1/collection-project/item-metadata\item_metadata-cph.3f05168.json,"['Federal Art Project, sponsor']","Curb service 10,000 current books - convenient, free, time saving : Chicago Public Library, Randolph St. corridor.",1936-01-01,//www.loc.gov/pictures/item/98508385/,"{'photo, print, drawing': 'https://www.loc.gov/search/?fa=original_format:photo,+print,+drawing&fo=json'}","Poster for bookmobile service of the Chicago Public Library, showing a traffic light.",//hdl.loc.gov/loc.pnp/cph.3f05168,No known restrictions on publication.,['english'],"['illinois', 'chicago']","['Date stamped on verso: Mar 25 1941.', 'Work Projects Administration Poster Collection (Library of Congress).']","['screen prints', 'chicago', 'posters', 'bookmobiles', 'public relations', 'chicago public library', 'color', 'illinois', 'libraries']",https://tile.loc.gov/storage-services/service/pnp/cph/3f00000/3f05000/3f05100/3f05168r.jpg#h=640&w=443
Item,2024-12-18,../si676-assignment-1.1/collection-project/item-metadata\item_metadata-cph.3f05183.json,"['Federal Art Project, sponsor']",For greater knowledge on more subjects use your library more often,1936-01-01,https://www.loc.gov/pictures/item/98508155/,"{'photo, print, drawing': 'https://www.loc.gov/search/?fa=original_format:photo,+print,+drawing&fo=json'}","Poster showing a mortarboard and a pair of glasses superimposed over a globe, promoting use of libraries.",//hdl.loc.gov/loc.pnp/cph.3f05183,No known restrictions on publication.,['english'],"['chicago', 'illinois']","['Work Projects Administration Poster Collection (Library of Congress).', 'Date stamped on verso: Jan 24 1941.']","['chicago', 'posters', 'screen prints', 'color', 'education', 'libraries', 'illinois']",https://tile.loc.gov/storage-services/service/pnp/cph/3f00000/3f05000/3f05100/3f05183r.jpg#h=640&w=440
Item,2024-12-18,../si676-assignment-1.1/collection-project/item-metadata\item_metadata-det.4a17925.json,"['Detroit Publishing Co., publisher']","[Cossitt Library, Memphis, Tenn.]",1906-01-01,//www.loc.gov/pictures/item/2016809661/,"{'photo, print, drawing': 'https://www.loc.gov/search/?fa=original_format:photo,+print,+drawing&fo=json'}",Description Unavailable,//hdl.loc.gov/loc.pnp/det.4a17925,No known restrictions on publication.,['english'],"['united states', 'tennessee', 'memphis']","['Title from jacket.', '""G 3834"" on negative.', 'Detroit Publishing Co. no. 034336.', 'Gift; State Historical Society of Colorado; 1949.']","['memphis', 'dry plate negatives', 'tennessee', 'libraries', 'united states']",https://tile.loc.gov/storage-services/service/pnp/det/4a10000/4a17000/4a17900/4a17925r.jpg#h=509&w=640
Item,2024-12-18,../si676-assignment-1.1/collection-project/item-metadata\item_metadata-det.4a23603.json,"['Detroit Publishing Co., copyright claimant', 'Detroit Publishing Co., publisher']","Little Rock Public Library, Little Rock, Ark.",1905-01-01,//www.loc.gov/pictures/item/2016815290/,"{'photo, print, drawing': 'https://www.loc.gov/search/?fa=original_format:photo,+print,+drawing&fo=json'}",Description Unavailable,//hdl.loc.gov/loc.pnp/det.4a23603,No known restrictions on publication.,['english'],"['little rock', 'united states', 'arkansas']","['""G 6758"" on negative.', 'Detroit Publishing Co. no. 071740.', 'Gift; State Historical Society of Colorado; 1949.']","['little rock', 'arkansas', 'dry plate negatives', 'united states', 'libraries']",https://tile.loc.gov/storage-services/service/pnp/det/4a20000/4a23000/4a23600/4a23603r.jpg#h=512&w=640
Item,2024-12-18,../si676-assignment-1.1/collection-project/item-metadata\item_metadata-ds.06507.json,"['Handy, Levin C. (Levin Corbin), 1855-1932.']","Buffalo, N.Y. -  Public library - children's room",1900-01-01,https://www.loc.gov/pictures/item/2014650180/,"{'photo, print, drawing': 'https://www.loc.gov/search/?fa=original_format:photo,+print,+drawing&fo=json'}","Photograph shows girls and boys reading in the children's room at the public library in Buffalo, New York.",//hdl.loc.gov/loc.pnp/ds.06507,No known restrictions on publication.,['english'],"['new york', 'buffalo']","['Title from item.', 'Handwritten on recto: ""card 125, 1 plate, total 8.""', 'Stamped on recto: ""Negative by L.C. Handy.""', 'Print from copy negative by L.C. Handy.']","['photographic prints', 'buffalo', 'public libraries', 'reading', 'children', 'new york (state)']",https://tile.loc.gov/storage-services/service/pnp/ds/06500/06507v.jpg#h=826&w=1024
Item,2024-12-18,../si676-assignment-1.1/collection-project/item-metadata\item_metadata-ds.06560.json,"['Gilbert, Cass, 1859-1934, architect']",Main public library building - Detroit,Creation Date Unavailable,https://www.loc.gov/pictures/item/2014647618/,"{'photo, print, drawing': 'https://www.loc.gov/search/?fa=original_format:photo,+print,+drawing&fo=json'}","Photograph shows view of Carnegie library in Detroit, Michigan.",https://hdl.loc.gov/loc.pnp/ds.06560,No known restrictions on publication.,['english'],"['michigan', 'detroit']","['Title from item.', 'Includes advertisement for Berry Brothers, varnishes and paint specialties.', 'Library designed by Cass Gilbert.', '(PR 06 CN 037).']","['detroit', 'detroit public library', 'advertisements', 'public libraries', 'architectural photographs', 'collotypes', 'postcards', 'public relations', 'michigan', 'berry brothers', 'carnegie libraries', 'hand-colored', 'buildings']",https://tile.loc.gov/storage-services/service/pnp/ds/06500/06560v.jpg#h=727&w=1024
Item,2024-12-18,../si676-assignment-1.1/collection-project/item-metadata\item_metadata-fsa.8b14169.json,"['Vachon, John, 1914-1975, photographer']","Newspaper reading room of public library. Omaha, Nebraska",1938-01-01,//www.loc.gov/pictures/item/2017762724/,"{'photo, print, drawing': 'https://www.loc.gov/search/?fa=original_format:photo,+print,+drawing&fo=json'}",Description Unavailable,//hdl.loc.gov/loc.pnp/fsa.8b14169,"No known restrictions. For information, see U.S. Farm Security Administration/Office of War Information Black & White Photographs https://www.loc.gov/rr/print/res/071_fsab.html",['english'],"['nebraska', 'omaha', 'douglas county', 'united states']","['Title and other information from caption card.', 'Transfer; United States. Office of War Information. Overseas Picture Division. Washington Division; 1944.', 'More information about the FSA/OWI Collection is available at http://hdl.loc.gov/loc.pnp/pp.fsaowi', 'Temp. note: usf34batch1']","['douglas county', 'united states', 'nebraska', 'omaha', 'safety film negatives']",https://tile.loc.gov/storage-services/service/pnp/fsa/8b14000/8b14100/8b14169r.jpg#h=489&w=640
Item,2024-12-18,../si676-assignment-1.1/collection-project/item-metadata\item_metadata-fsa.8b32222.json,"['Lange, Dorothea, photographer']","Public library in the southwestern section of Mississippi, in the piney woods",1937-01-01,//www.loc.gov/pictures/item/2017770391/,"{'photo, print, drawing': 'https://www.loc.gov/search/?fa=original_format:photo,+print,+drawing&fo=json'}",Description Unavailable,//hdl.loc.gov/loc.pnp/fsa.8b32222,"No known restrictions. For information, see U.S. Farm Security Administration/Office of War Information Black & White Photographs https://www.loc.gov/rr/print/res/071_fsab.html",['english'],"['mississippi', 'united states']","['Title and other information from caption card.', 'Transfer; United States. Office of War Information. Overseas Picture Division. Washington Division; 1944.', 'More information about the FSA/OWI Collection is available at http://hdl.loc.gov/loc.pnp/pp.fsaowi', 'Temp. note: usf34batch2', 'Film copy on SIS roll 27, frame 1386.']","['mississippi', 'rural housing', 'united states', 'nitrate negatives']",https://tile.loc.gov/storage-services/service/pnp/fsa/8b32000/8b32200/8b32222r.jpg#h=640&w=602
Item,2024-12-18,../si676-assignment-1.1/collection-project/item-metadata\item_metadata-fsa.8c22565.json,"['Lee, Russell, 1903-1986, photographer']","Library tent at the FSA (Farm Security Administration) mobile camp for migratory farm workers. Odell, Oregon. The girls working in the library receive credit in the Junior Campers League for work in the library",1941-01-01,//www.loc.gov/pictures/item/2017815837/,"{'photo, print, drawing': 'https://www.loc.gov/search/?fa=original_format:photo,+print,+drawing&fo=json'}",Description Unavailable,//hdl.loc.gov/loc.pnp/fsa.8c22565,"No known restrictions. For information, see U.S. Farm Security Administration/Office of War Information Black & White Photographs https://www.loc.gov/rr/print/res/071_fsab.html",['english'],"['odell', 'hood river county', 'united states', 'oregon']","['Title and other information from caption card.', 'Transfer; United States. Office of War Information. Overseas Picture Division. Washington Division; 1944.', 'More information about the FSA/OWI Collection is available at http://hdl.loc.gov/loc.pnp/pp.fsaowi', 'Temp. note: usf34batch8', 'Film copy on SIS roll 11, frame 1464.']","['hood river county', 'united states', 'odell', 'safety film negatives', 'oregon']",https://tile.loc.gov/storage-services/service/pnp/fsa/8c22000/8c22500/8c22565r.jpg#h=492&w=640
Item,2024-12-18,../si676-assignment-1.1/collection-project/item-metadata\item_metadata-fsa.8d24709.json,"['Parks, Gordon, 1912-2006, photographer']","Daytona Beach, Florida. Bethune-Cookman College. Students in the library reading room",1943-01-01,//www.loc.gov/pictures/item/2017843202/,"{'photo, print, drawing': 'https://www.loc.gov/search/?fa=original_format:photo,+print,+drawing&fo=json'}",Description Unavailable,//hdl.loc.gov/loc.pnp/fsa.8d24709,"No known restrictions. For information, see U.S. Farm Security Administration/Office of War Information Black & White Photographs https://www.loc.gov/rr/print/res/071_fsab.html",['english'],"['florida', 'volusia county', 'united states', 'daytona beach']","['Title and other information from caption card.', 'Transfer; United States. Office of War Information. Overseas Picture Division. Washington Division; 1944.', 'More information about the FSA/OWI Collection is available at http://hdl.loc.gov/loc.pnp/pp.fsaowi', 'Temp. note: owibatch3', 'Film copy on SIS roll 12, frame 598.']","['united states', 'volusia county', 'daytona beach', 'florida', 'nitrate negatives']",https://tile.loc.gov/storage-services/service/pnp/fsa/8d24000/8d24700/8d24709r.jpg#h=640&w=610
Item,2024-12-18,../si676-assignment-1.1/collection-project/item-metadata\item_metadata-g3851e.ct006252.json,['Library of Congress. Map Division.'],"Libraries, Washington D.C.",1926-01-01,Source URL Unavailable,{'map': 'https://www.loc.gov/search/?fa=original_format:map&fo=json'},Description Unavailable,http://hdl.loc.gov/loc.gmd/g3851e.ct006252,Undetermined,['english'],"['washington d.c.', 'washington', 'district of columbia', 'united states']","['Ms. (india ink and typescript) on photocopy base map.', 'Shows no. of vols. per library.', 'Assemblage of several sheets mounted together on cloth backing.', 'Internal portions excised from base map.', 'Indexed.', 'Vault', 'DCP']","['washington', 'district of columbia', 'manuscript maps', 'united states', 'libraries', 'statistics', 'washington (d.c.)', 'maps']",https://tile.loc.gov/image-services/iiif/service:gmd:gmd385:g3851:g3851e:ct006252/full/pct:12.5/0/default.jpg#h=602&w=842
Item,2024-12-18,../si676-assignment-1.1/collection-project/item-metadata\item_metadata-hhh.ak0345.photos.json,"['Historic American Buildings Survey, creator', 'Hoagland, Alison K., transmitter', 'Lowe, Jet, photographer', 'Society of Architectural Historians, sponsor']","Juneau Public Library, 292 Marine Way, Juneau, Juneau Borough, AK",Creation Date Unavailable,https://www.loc.gov/pictures/item/ak0345/,"{'photo, print, drawing': 'https://www.loc.gov/search/?fa=original_format:photo,+print,+drawing&fo=json'}",Description Unavailable,Digital ID Unavailable,No known restrictions on images made by the U.S. Government; images     copied from other sources may be restricted.    https://www.loc.gov/rr/print/res/114_habs.html,['english'],"['alaska', 'juneau borough', 'juneau']",['Survey number: HABS AK-113 '],['libraries'],https://tile.loc.gov/storage-services/service/pnp/habshaer/ak/ak0300/ak0345/photos/033063pv.jpg#h=817&w=1024
Item,2024-12-18,../si676-assignment-1.1/collection-project/item-metadata\item_metadata-hhh.dc0121.photos.json,"['Historic American Buildings Survey, creator', 'Smithmeyer & Pelz', 'Price, Virginia B, transmitter', 'Boucher, Jack E, photographer']","Georgetown University, Healy Building, Thirty-seventh & O Streets, Northwest, Washington, District of Columbia, DC",Creation Date Unavailable,https://www.loc.gov/pictures/item/dc0121/,"{'photo, print, drawing': 'https://www.loc.gov/search/?fa=original_format:photo,+print,+drawing&fo=json'}",Description Unavailable,Digital ID Unavailable,No known restrictions on images made by the U.S. Government; images     copied from other sources may be restricted.    https://www.loc.gov/rr/print/res/114_habs.html,['english'],"['washington', 'washington d.c.']","['Significance: Healy Building is the most prominent structure on the University campus and a picturesque landmark for all Georgetown.  Its construction marked the evolution of the school toward true University status.  It was designed by the architects Smithmeyer and Pelz, who also designed the Library of Congress.   ', 'Survey number: HABS DC-248 ', 'Building/structure dates: 1877 Initial Construction ', 'National Register of Historic Places NRIS Number: 67000025 ']","['education', 'stone buildings', 'colleges', 'educational facilities']",https://tile.loc.gov/storage-services/service/pnp/habshaer/dc/dc0100/dc0121/color/376695cv.jpg#h=1024&w=752
Item,2024-12-18,../si676-assignment-1.1/collection-project/item-metadata\item_metadata-hhh.hi0135.photos.json,"['Historic American Buildings Survey, creator']","Mother Marianne Library, Moloka'i Island, Kalaupapa, Kalawao County, HI",Creation Date Unavailable,https://www.loc.gov/pictures/item/hi0135/,"{'photo, print, drawing': 'https://www.loc.gov/search/?fa=original_format:photo,+print,+drawing&fo=json'}",Description Unavailable,Digital ID Unavailable,No known restrictions on images made by the U.S. Government; images     copied from other sources may be restricted.    https://www.loc.gov/rr/print/res/114_habs.html,['english'],"['kalaupapa', 'kalawao county', 'hawaii']","['Survey number: HABS HI-101 ', 'Building/structure dates: 1965 Initial Construction ', 'National Register of Historic Places NRIS Number: 76002145 ']",['libraries'],https://tile.loc.gov/storage-services/service/pnp/habshaer/hi/hi0100/hi0135/photos/058276pv.jpg#h=733&w=1024
Item,2024-12-18,../si676-assignment-1.1/collection-project/item-metadata\item_metadata-hhh.il0998.sheet.json,"['Historic American Buildings Survey, creator', 'Moratz, Paul O., Architect', 'Kapp, Paul Hardin, faculty sponsor', 'Bricker, Brodie, delineator', 'Dean, Travis, delineator', 'Halkyard, Shellie, delineator', 'Humayun, Adnahn, delineator', 'Johnson, Jarrell, delineator', 'Kirby, Shaefer, delineator', 'Mann, Laura, delineator', 'Nurse, Lauren, delineator', 'Pratt, Curt, delineator', 'Timmerman, John, delineator', 'Weir, Krista, delineator', 'Scott, Theresa, delineator']","Paxton Carnegie Library, 254 South Market Street, Paxton, Ford County, IL",Creation Date Unavailable,https://www.loc.gov/pictures/item/il0998/,"{'photo, print, drawing': 'https://www.loc.gov/search/?fa=original_format:photo,+print,+drawing&fo=json'}",Description Unavailable,Digital ID Unavailable,No known restrictions on images made by the U.S. Government; images     copied from other sources may be restricted.    https://www.loc.gov/rr/print/res/114_habs.html,['english'],"['ford county', 'paxton', 'illinois']","['STORED ON SITE. mchr', '2012 Charles E. Peterson Prize, Entry', 'Significance: The Paxton Carnegie Library is locally significant under Criterion A and C.  It is significant for educational purposes in its role in providing library services to the citizens of Paxton.  The building is also significant as a local architectural example of the Classic Revival/Beaus Arts style.  In addition, it is an example of a ""Carnegie Library"", meeting the criteria of the Carnegie Library property type.  The period of significance for the building is 1904, when it was built ', 'Unprocessed Field note material exists for this structure: N1830 ', 'Survey number: HABS IL-329 ', 'Building/structure dates: 1904 Initial Construction ']","['beaux-arts architectural elements', 'classical revival architectural elements', 'libraries']",https://tile.loc.gov/storage-services/service/pnp/habshaer/il/il0900/il0998/sheet/00001v.jpg#h=678&w=1024
Item,2024-12-18,../si676-assignment-1.1/collection-project/item-metadata\item_metadata-hhh.ks0072.photos.json,"['Historic American Buildings Survey, creator', 'Washburn, George Putnam', 'Fordyce Brothers', 'Sponable, John W', 'Smith, Martha', 'Koupal, Howard, field team', 'Collins, Dan, photographer', 'Gardiner, Allen, historian']","Paola Free Library, 101 East Peoria Street, Paola, Miami County, KS",Creation Date Unavailable,https://www.loc.gov/pictures/item/ks0072/,"{'photo, print, drawing': 'https://www.loc.gov/search/?fa=original_format:photo,+print,+drawing&fo=json'}",Description Unavailable,Digital ID Unavailable,No known restrictions on images made by the U.S. Government; images     copied from other sources may be restricted.    https://www.loc.gov/rr/print/res/114_habs.html,['english'],"['kansas', 'miami county', 'paola']","[""Significance: The Paola Free Library was designed by George Putnam Washburn, a prominent Kansas architect who designed 13 of Kansas' 105 courthouses.  The corner tower of the library is typical of Washburn's work and was designed late in his career.  The building serves as one of the cultural centers in Paola, and the library serves patrons from the surrounding countryside and villages as well as the citizens of Paola. "", 'Survey number: HABS KS-52 ', 'Building/structure dates: 1905-1906 Initial Construction ']","['brick buildings', 'reading', 'libraries']",https://tile.loc.gov/storage-services/service/pnp/habshaer/ks/ks0000/ks0072/photos/069905pv.jpg#h=815&w=1024
Item,2024-12-18,../si676-assignment-1.1/collection-project/item-metadata\item_metadata-hhh.me0057.photos.json,"['Historic American Buildings Survey, creator', 'Currier, Alexander C', 'Lewis, Edwin E', 'Scmacher', 'Bodwell, J R', 'Hubbard, Thomas H', 'Berry, John W', 'Lowell, Eliza', 'Bisgrove, Mark C', 'Shettleworth, Earle G', 'Mast, Alan']","Hubbard Free Library, 115 Second Street, Hallowell, Kennebec County, ME",Creation Date Unavailable,https://www.loc.gov/pictures/item/me0057/,"{'photo, print, drawing': 'https://www.loc.gov/search/?fa=original_format:photo,+print,+drawing&fo=json'}",Description Unavailable,Digital ID Unavailable,No known restrictions on images made by the U.S. Government; images     copied from other sources may be restricted.    https://www.loc.gov/rr/print/res/114_habs.html,['english'],"['kennebec county', 'hallowell', 'maine']","['Significance: The Library is a notable example of the Victorian Gothic idiom of the 1870s, more especially since an ecclesiastical form is used for a civic structure. The original (1878-79) building in its exterior form resembled a chapel; the two successive additions (1893-94; 1897-98) continued the analogy by presenting a structure that appears to be a small church with transept and extended chapel (or Lady Chapel). Its fine masonry exterior is complemented by an interior that presents exposed trusswork, contemporary stained glass, and stencil decoration.  ', 'Survey number: HABS ME-158 ', 'Building/structure dates:    1878- 1879 Initial Construction ', 'Building/structure dates:    1893- 1894 Subsequent Work ', 'Building/structure dates: after. 1900- before. 1920 Subsequent Work ', 'Building/structure dates: 1897-1898 Subsequent Work ']","['accidents', 'stone buildings (granite)', 'latin cross buildings', 'libraries']",https://tile.loc.gov/storage-services/service/pnp/habshaer/me/me0000/me0057/photos/088141pv.jpg#h=814&w=1024
Item,2024-12-18,../si676-assignment-1.1/collection-project/item-metadata\item_metadata-hhh.nj0089.photos.json,"['Historic American Buildings Survey, creator']","Princeton University, Library, Nassau Street between Witherspoon & Tulane Streets, Princeton, Mercer County, NJ",Creation Date Unavailable,https://www.loc.gov/pictures/item/nj0089/,"{'photo, print, drawing': 'https://www.loc.gov/search/?fa=original_format:photo,+print,+drawing&fo=json'}",Description Unavailable,Digital ID Unavailable,No known restrictions on images made by the U.S. Government; images     copied from other sources may be restricted.    https://www.loc.gov/rr/print/res/114_habs.html,['english'],"['princeton', 'new jersey', 'mercer county']",['Survey number: HABS NJ-791 '],"['colleges', 'libraries']",https://tile.loc.gov/storage-services/service/pnp/habshaer/nj/nj0000/nj0089/photos/107604pv.jpg#h=733&w=1024
Item,2024-12-18,../si676-assignment-1.1/collection-project/item-metadata\item_metadata-hhh.nv0134.photos.json,"['Historic American Buildings Survey, creator', 'Maul, David, transmitter', 'Freeman, Joe C, photographer']","Hawthorne Naval Ammunition Depot, Babbitt Housing Area, Library, U.S. Highway 95, Hawthorne, Mineral County, NV",Creation Date Unavailable,https://www.loc.gov/pictures/item/nv0134/,"{'photo, print, drawing': 'https://www.loc.gov/search/?fa=original_format:photo,+print,+drawing&fo=json'}",Description Unavailable,Digital ID Unavailable,No known restrictions on images made by the U.S. Government; images     copied from other sources may be restricted.    https://www.loc.gov/rr/print/res/114_habs.html,['english'],"['nevada', 'hawthorne', 'mineral county']","['Survey number: HABS NV-23-H ', 'Building/structure dates: 1944 Initial Construction ']","['housing', 'wooden buildings', 'reading', 'libraries']",https://tile.loc.gov/storage-services/service/pnp/habshaer/nv/nv0100/nv0134/photos/043970pv.jpg#h=819&w=1024
Item,2024-12-18,../si676-assignment-1.1/collection-project/item-metadata\item_metadata-hhh.ok0012.sheet.json,"['Historic American Buildings Survey, creator', 'Bennett, J. H.', 'Vandenburg, H. J.', 'New York Hardware Company', 'Lillie, F. B.', 'Wenner, Fred L.', 'Frantz, Frank', 'Haskell, Charles N.', 'Gryb, Barry R., field team', 'Takenaka, Howard M., field team', 'Haggard, John C., project manager', 'Barrett, William Edmund, photographer', 'Hnedak, John D., historian', 'Robbins, John C., delineator', 'Smith, Julian, delineator', 'Oklahoma Historical Society, sponsor']","Carnegie Library, 402 East Oklahoma Avenue, Guthrie, Logan County, OK",Creation Date Unavailable,https://www.loc.gov/pictures/item/ok0012/,"{'photo, print, drawing': 'https://www.loc.gov/search/?fa=original_format:photo,+print,+drawing&fo=json&q=hhh.ok0012'}",Description Unavailable,Digital ID Unavailable,No known restrictions on images made by the U.S. Government; images     copied from other sources may be restricted.    https://www.loc.gov/rr/print/res/114_habs.html,['english'],"['guthrie', 'logan county', 'oklahoma']","[""Significance: This Second Renaissance Revival structure was the scene of numerous historic events: the inauguration of both the last of the territorial governors and the first Governor of Statehood Oklahoma.  The second Carnegie library in Oklahoma, it grew from the efforts of the organizers of one of the earliest libraries in Oklahoma, to which it is successor.  It is remarkable for the number of ways in which it diverges from Andrew Carnegie's ideas of what a library building should be. "", 'Unprocessed Field note material exists for this structure: FN-14, FN-15 ', 'Survey number: HABS OK-14 ', 'Building/structure dates:    1902- 1903 Initial Construction ', 'Building/structure dates: after 1948 Subsequent Work ']","['storage', 'libraries', 'reading', 'philanthropy', 'brick buildings', 'galleries & museums', 'stone buildings (sandstone)']",https://tile.loc.gov/storage-services/service/pnp/habshaer/ok/ok0000/ok0012/photos/129399pv.jpg#h=833&w=1024
Item,2024-12-18,../si676-assignment-1.1/collection-project/item-metadata\item_metadata-hhh.ri0071.photos.json,"['Historic American Buildings Survey, creator', 'Harrison, Peter', 'Snell, George', 'Mason, George C', 'Dufais, John', 'Slade, Thomas M, historian', 'Slade, Susan R, historian', 'Overby, Osmund R, project manager', 'Robinson, Cervin, photographer', 'LeBoeuf, Arthur W, photographer', 'Unknown, photographer', 'Hite, Gerron S, delineator', 'Sanford, Thomas J, delineator', 'Divoll, Leslie, delineator', 'Rhode Island Historical Preservation Commission, sponsor']","Redwood Library, 50 Bellevue Avenue, Newport, Newport County, RI",Creation Date Unavailable,https://www.loc.gov/pictures/item/ri0071/,"{'photo, print, drawing': 'https://www.loc.gov/search/?fa=original_format:photo,+print,+drawing&fo=json'}",Description Unavailable,Digital ID Unavailable,No known restrictions on images made by the U.S. Government; images     copied from other sources may be restricted.    https://www.loc.gov/rr/print/res/114_habs.html,['english'],"['newport county', 'rhode island', 'newport']","['Significance: The Redwood Library is a notable specimen of the architectural taste of the early 18th century.  As an important work of the architect Peter Harrison, it is a key building in the introduction of English Georgian architecture in America. ', 'Unprocessed Field note material exists for this structure: FN-42 ', 'Survey number: HABS RI-100 ', 'Building/structure dates: 1749 Initial Construction ', 'Building/structure dates: 1859 Subsequent Work ', 'Building/structure dates: 1875 Subsequent Work ', 'Building/structure dates: 1912 Subsequent Work ', 'National Register of Historic Places NRIS Number: 66000015 ']","['porticoes (porches)', 'georgian architectural elements', 'libraries', 'shed roofs', 'wood structural frames', 'paneled doors', 'sash windows', 'doric order']",https://tile.loc.gov/storage-services/service/pnp/habshaer/ri/ri0000/ri0071/photos/144412pv.jpg#h=732&w=1024
Item,2024-12-18,../si676-assignment-1.1/collection-project/item-metadata\item_metadata-hhh.sc0767.photos.json,"['Historic American Buildings Survey, creator', 'Carnegie, Andrew', 'Cary, Brian, transmitter']","Carnegie Free Library, 300 East South Street, Union, Union County, SC",Creation Date Unavailable,https://www.loc.gov/pictures/item/sc0767/,"{'photo, print, drawing': 'https://www.loc.gov/search/?fa=original_format:photo,+print,+drawing&fo=json'}",Description Unavailable,Digital ID Unavailable,No known restrictions on images made by the U.S. Government; images     copied from other sources may be restricted.    https://www.loc.gov/rr/print/res/114_habs.html,['english'],"['south carolina', 'union', 'union county']","['Significance: The Carnegie Free LIbrary was one of the first of 15 libraries established in towns throughout South Carolina  by iron and steel industrialist and philanthropist Andrew Carnegie. Andrew Carnegie provided communities all over the world with funds to build public library buildings. Other South Carolina towns with Carnegie libraries include Darlington, Kingstree, Beaufort, and Sumter. The Carnegie Free Library in Union is constructed of yellow brick with contrasting red brick and terra cotta trim. The facade has an Ionic portico in antis with a semicircular pediment bearing the name ""Carnegie Free Library."" A low octagonal dome with a finial is centered on the roof. The interior of the building was renovated in 1968, but much original fabric remains. The Carnegie Free Library in Union was listed in the National Register of Historic Places on May 19, 1983, as part of the South Street Historic District. ', 'Survey number: HABS SC-618 ', 'Building/structure dates: 1905 Initial Construction ', 'Building/structure dates: 1968 Subsequent Work ']",['libraries'],https://tile.loc.gov/storage-services/service/pnp/habshaer/sc/sc0700/sc0767/color/571307cv.jpg#h=745&w=1024
Item,2024-12-18,../si676-assignment-1.1/collection-project/item-metadata\item_metadata-highsm.04362.json,"['Highsmith, Carol M., 1946-, photographer']","Public Library, Salt Lake City, Utah",2007-01-01,https://www.loc.gov/pictures/item/2010630352/,"{'photo, print, drawing': 'https://www.loc.gov/search/?fa=original_format:photo,+print,+drawing&fo=json'}",Description Unavailable,//hdl.loc.gov/loc.pnp/highsm.04362,No known restrictions on publication.,['english'],"['utah', 'salt lake city', 'united states']","[""The Salt Lake City Public Library system's main branch building is an architecturally unique structure in Salt Lake City, Utah. Located at 210 East 400 South across from the Salt Lake City and County Building and Washington Square, and the grounds around the building is sometimes referred to as Library Square."", 'Title, date, and subjects provided by the photographer.', ""Credit line: Carol M. Highsmith's America, Library of Congress, Prints and Photographs Division."", 'Gift and purchase; Carol M. Highsmith; 2009; (DLC/PP-2010:031).', ""Forms part of: Carol M. Highsmith's America Project in the Carol M. Highsmith Archive.""]","['digital photographs', 'united states', 'color', 'utah', 'salt lake city', 'america', 'architecture', 'libraries']",https://tile.loc.gov/image-services/iiif/service:pnp:highsm:04300:04362/full/pct:25/0/default.jpg#h=1358&w=1810
Item,2024-12-18,../si676-assignment-1.1/collection-project/item-metadata\item_metadata-highsm.18384.json,"['Highsmith, Carol M., 1946-, photographer']","George Peabody Library, formerly the Library of the Peabody Institute of the City of Baltimore, is part of the Johns Hopkins Sheridan Libraries. Baltimore, Maryland",2012-01-01,https://www.loc.gov/pictures/item/2013646466/,"{'photo, print, drawing': 'https://www.loc.gov/search/?fa=original_format:photo,+print,+drawing&fo=json'}",Description Unavailable,//hdl.loc.gov/loc.pnp/highsm.18384,No known restrictions on publication.,['english'],"['baltimore', 'united states', 'maryland']","['In 1857 George Peabody, a Massachusetts-born philanthropist, dedicated the Peabody Institute to the citizens of Baltimore in appreciation of their """"kindness and hospitality."""" The Peabody Library building, which opened in 1878, was designed by Baltimore architect Edmund G. Lind in collaboration with the first provost, Dr. Nathaniel H. Morison. Renowned for its striking architectural interior, the Peabody Stack Room contains five tiers of ornamental cast-iron balconies, which rise dramatically to the skylight 61 feet above the floor. The ironwork was fabricated by the Bartlett-Robbins Company.', 'Title, date, subject note, and keywords based on information provided by the photographer.', 'Credit line: Photographs in the Carol M. Highsmith Archive, Library of Congress, Prints and Photographs Division.', 'Gift and purchase; Carol M. Highsmith; 2012; (DLC/PP-2012:107).', 'Forms part of the Carol M. Highsmith Archive.']","['america', 'baltimore', 'libraries', 'digital photographs', 'johns hopkins sheridan libraries', 'color', 'cast iron', 'george peabody library', 'united states', 'bartlett-robbins company', 'maryland']",https://tile.loc.gov/image-services/iiif/service:pnp:highsm:18300:18384/full/pct:12.5/0/default.jpg#h=970&w=1291
Item,2024-12-18,../si676-assignment-1.1/collection-project/item-metadata\item_metadata-highsm.18402.json,"['Highsmith, Carol M., 1946-, photographer']","Interior of the Hutzler Reading room located in Gilman Hall, on the Johns Hopkins University campus in Baltimore, Maryland",2012-01-01,https://www.loc.gov/pictures/item/2013646484/,"{'photo, print, drawing': 'https://www.loc.gov/search/?fa=original_format:photo,+print,+drawing&fo=json'}",Description Unavailable,//hdl.loc.gov/loc.pnp/highsm.18402,No known restrictions on publication.,['english'],"['baltimore', 'united states', 'maryland']","['Located in Gilman Hall and designed by Douglas Thomas. Construction of Gilman Hall began in 1913, and the building was dedicated on May 21, 1915, and named for Daniel Coit Gilman, the first president of the university.  Commonly referred to as ""The HUT,"" the Albert D. Hutzler Reading Room is open on a 24-hour basis during the academic year.', 'Title, date, subject note, and keywords based on information provided by the photographer.', 'Credit line: Photographs in the Carol M. Highsmith Archive, Library of Congress, Prints and Photographs Division.', 'Gift and purchase; Carol M. Highsmith; 2012; (DLC/PP-2012:107).', 'Forms part of the Carol M. Highsmith Archive.']","['homewood campus', 'america', 'baltimore', 'albert d. hutzler reading room', 'libraries', 'digital photographs', 'gilman hall', 'johns hopkins sheridan libraries', 'the hut', 'color', 'united states', 'maryland']",https://tile.loc.gov/image-services/iiif/service:pnp:highsm:18400:18402/full/pct:25/0/default.jpg#h=1024&w=1536
Item,2024-12-18,../si676-assignment-1.1/collection-project/item-metadata\item_metadata-highsm.20216.json,"['Highsmith, Carol M., 1946-, photographer']","Norfolk Library, Norfolk, Connecticut",2011-01-01,https://www.loc.gov/pictures/item/2012631625/,"{'photo, print, drawing': 'https://www.loc.gov/search/?fa=original_format:photo,+print,+drawing&fo=json'}",Description Unavailable,//hdl.loc.gov/loc.pnp/highsm.20216,No known restrictions on publication.,['english'],"['norfolk', 'connecticut', 'united states']","['Title, date, and keywords provided by the photographer.', ""Credit line: The George F. Landegger Collection of Connecticut Photographs in the Carol M. Highsmith's America, Library of Congress, Prints and Photographs Division."", 'Gift; George F. Landegger; 2011; (DLC/PP-2011:166).', ""Forms part of: George F. Landegger Collection of Connecticut Photographs in Carol M. Highsmith's America Project in the Carol M. Highsmith Archive.""]","['norfolk', 'the norfolk library', 'connecticut', 'united states', 'digital photographs', 'america', 'color']",https://tile.loc.gov/image-services/iiif/service:pnp:highsm:20200:20216/full/pct:25/0/default.jpg#h=772&w=1551
Item,2024-12-18,../si676-assignment-1.1/collection-project/item-metadata\item_metadata-highsm.20336.json,"['Highsmith, Carol M., 1946-, photographer']","Noyes Library for Young Children, Kensington, Maryland",2011-01-01,https://www.loc.gov/pictures/item/2012630017/,"{'photo, print, drawing': 'https://www.loc.gov/search/?fa=original_format:photo,+print,+drawing&fo=json'}",Description Unavailable,//hdl.loc.gov/loc.pnp/highsm.20336,No known restrictions on publication.,['english'],"['kensington', 'united states', 'maryland']","[""A charming one-room library, it is Montgomery County's oldest, and is now an historic landmark surrounded by old trees and turreted Victorian homes."", 'Title, date, subject note, and keywords provided by the photographer.', 'Credit line: Photographs in the Carol M. Highsmith Archive, Library of Congress, Prints and Photographs Division.', 'Purchase; Carol M. Highsmith; 2011; (DLC/PP-2011:182).', 'Forms part of the Carol M. Highsmith Archive.']","['kensington', 'united states', 'libraries', 'digital photographs', 'america', 'maryland', 'color']",https://tile.loc.gov/image-services/iiif/service:pnp:highsm:20300:20336/full/pct:25/0/default.jpg#h=829&w=1540
Item,2024-12-18,../si676-assignment-1.1/collection-project/item-metadata\item_metadata-highsm.20483.json,"['Highsmith, Carol M., 1946-, photographer']","Patterson Park Branch of the Enoch Pratt Free Library System located on the eastern side of Library Square, Baltimore, Maryland",2011-01-01,https://www.loc.gov/pictures/item/2012630164/,"{'photo, print, drawing': 'https://www.loc.gov/search/?fa=original_format:photo,+print,+drawing&fo=json'}",Description Unavailable,//hdl.loc.gov/loc.pnp/highsm.20483,No known restrictions on publication.,['english'],"['maryland', 'united states', 'baltimore']","['The library shares a four-block-long strip of greenspace formed by Linwood Avenue on the east, Fayette Street on the south and Pulaski Highway sloping on the north. Adorned with benches and lush trees, Library Square is a small section of nature in an otherwise very urban area.', 'Title, date, subject note, and keywords provided by the photographer.', 'Credit line: Photographs in the Carol M. Highsmith Archive, Library of Congress, Prints and Photographs Division.', 'Purchase; Carol M. Highsmith; 2011; (DLC/PP-2011:182).', 'Forms part of the Carol M. Highsmith Archive.']","['america', 'enoch pratt', 'baltimore', 'color', 'digital photographs', 'libraries', 'united states', 'maryland']",https://tile.loc.gov/image-services/iiif/service:pnp:highsm:20400:20483/full/pct:25/0/default.jpg#h=1028&w=1536
Item,2024-12-18,../si676-assignment-1.1/collection-project/item-metadata\item_metadata-highsm.20497.json,"['Highsmith, Carol M., 1946-, photographer']","Handley Library, Winchester, Virginia",2011-01-01,https://www.loc.gov/pictures/item/2012630178/,"{'photo, print, drawing': 'https://www.loc.gov/search/?fa=original_format:photo,+print,+drawing&fo=json'}",Description Unavailable,//hdl.loc.gov/loc.pnp/highsm.20497,No known restrictions on publication.,['english'],"['virginia', 'winchester', 'united states']","['Judge John Handley of Scranton, Pa. left $250,000 to open this Public Library. Architects J. Stewart Barney and Henry Otis Chapman of New York designed the building in the Beaux-Arts style. The building opened in 1913, and an addition was added in 1979. A complete renovation designed by Dennis Kowal Architects, was completed in 2001.', 'Title, date, subject note, and keywords provided by the photographer.', 'Credit line: Photographs in the Carol M. Highsmith Archive, Library of Congress, Prints and Photographs Division.', 'Purchase; Carol M. Highsmith; 2011; (DLC/PP-2011:182).', 'Forms part of the Carol M. Highsmith Archive.']","['america', 'virginia', 'libraries', 'digital photographs', 'winchester', 'handley library', 'color', 'united states']",https://tile.loc.gov/image-services/iiif/service:pnp:highsm:20400:20497/full/pct:25/0/default.jpg#h=1197&w=1026
Item,2024-12-18,../si676-assignment-1.1/collection-project/item-metadata\item_metadata-highsm.24333.json,"['Highsmith, Carol M., 1946-, photographer']","Tower of the Central Library, Los Angeles, California",2013-01-01,https://www.loc.gov/pictures/item/2013631511/,"{'photo, print, drawing': 'https://www.loc.gov/search/?fa=original_format:photo,+print,+drawing&fo=json'}",Description Unavailable,//hdl.loc.gov/loc.pnp/highsm.24333,No known restrictions on publication.,['english'],"['los angeles', 'united states', 'california']","['Title, date, and keywords provided by the photographer.', ""Credit line: The Jon B. Lovelace Collection of California Photographs in Carol M. Highsmith's America Project, Library of Congress, Prints and Photographs Division."", 'Gift; The Capital Group Companies Charitable Foundation in memory of Jon B. Lovelace; 2012; (DLC/PP-2012:063).', ""Forms part of: Jon B. Lovelace Collection of California Photographs in Carol M. Highsmith's America Project in the Carol M. Highsmith Archive.""]","['los angeles', 'los angeles central library', 'united states', 'libraries', 'digital photographs', 'america', 'california', 'color']",https://tile.loc.gov/image-services/iiif/service:pnp:highsm:24300:24333/full/pct:50/0/default.jpg#h=1514&w=1207
Item,2024-12-18,../si676-assignment-1.1/collection-project/item-metadata\item_metadata-highsm.29207.json,"['Highsmith, Carol M., 1946-, photographer']","The easily identifiable (thanks to its huge artistic sign) downtown J. Erik Jonsson Central Library, across from City Hall",2014-01-01,https://www.loc.gov/pictures/item/2014633407/,"{'photo, print, drawing': 'https://www.loc.gov/search/?fa=original_format:photo,+print,+drawing&fo=json'}",Description Unavailable,//hdl.loc.gov/loc.pnp/highsm.29207,No known restrictions on publication.,['english'],"['texas', 'dallas', 'united states']","['Title, date, and keywords based on information provided by the photographer.', 'Having outgrown its central library, the city library system built this one and opened it in 1982. It was one of the first libraries in the country to have an on-line catalog system and state-of-the-art audiovisual capabilities. The Library was renamed in 1986 in honor of J. Erik Jonsson, a former mayor who played a key role in its development.', ""Credit line: The Lyda Hill Texas Collection of Photographs in Carol M. Highsmith's America Project, Library of Congress, Prints and Photographs Division."", 'Gift; The Lyda Hill Foundation; 2014; (DLC/PP-2014:054).', ""Forms part of: Lyda Hill Texas Collection of Photographs in Carol M. Highsmith's America Project in the Carol M. Highsmith Archive.""]","['dallas', 'dallas central library', 'united states', 'libraries', 'digital photographs', 'america', 'texas', 'j. erik jonsson central library', 'color']",https://tile.loc.gov/image-services/iiif/service:pnp:highsm:29200:29207/full/pct:25/0/default.jpg#h=1840&w=1228
Item,2024-12-18,../si676-assignment-1.1/collection-project/item-metadata\item_metadata-highsm.31350.json,"['Highsmith, Carol M., 1946-, photographer']","The public library in Shepherdstown, West Virginia",2015-01-01,https://www.loc.gov/pictures/item/2015631425/,"{'photo, print, drawing': 'https://www.loc.gov/search/?fa=original_format:photo,+print,+drawing&fo=json'}",Description Unavailable,//hdl.loc.gov/loc.pnp/highsm.31350,No known restrictions on publication.,['english'],"['west virginia', 'united states', 'shepherdstown']","['Title, date and keywords based on information provided by the photographer.', ""The town built the structure as a market house in 1800. In 1845 the International Order of Odd Fellows added the second story in exchange for a 999-year lease. After the town market closed in 1854, the town enclosed the stalls with brick exterior walls, and the building became a firehouse. In 1926, the Shepherdstown Women's Club obtained permission to use the building as a library, sharing the premises for some years with the town jail. The Shepherdstown Library, Inc. had the Odd Fellows' 999 year lease voided in 1962. A unique characteristic of the building remains the Odd Fellows' symbol of the Seeing Eye, peering at passersby from a semi-circular niche above the front door. Some say the eye moves."", 'Credit line: West Virginia Collection within the Carol M. Highsmith Archive, Library of Congress, Prints and Photographs Division.', 'Purchase; Carol M. Highsmith Photography, Inc.; 2015; (DLC/PP-2015:055).', 'Forms part of: West Virginia Collection within the Carol M. Highsmith Archive.']","['west virginia', 'america', 'shepherdstown', 'shepherdstown market house', 'odd fellows', 'shepherdstown public library', 'public libraries', 'digital photographs', 'libraries', 'united states', 'color']",https://tile.loc.gov/image-services/iiif/service:pnp:highsm:31300:31350/full/pct:25/0/default.jpg#h=1228&w=1642
Item,2024-12-18,../si676-assignment-1.1/collection-project/item-metadata\item_metadata-highsm.32720.json,"['Highsmith, Carol M., 1946-, photographer']","Dusk view of the Robert Hoag Rawlings Public Library, built from 2000 to 2003 in Pueblo, Colorado",2015-01-01,https://www.loc.gov/pictures/item/2015632735/,"{'photo, print, drawing': 'https://www.loc.gov/search/?fa=original_format:photo,+print,+drawing&fo=json'}",Description Unavailable,//hdl.loc.gov/loc.pnp/highsm.32720,No known restrictions on publication.,['english'],"['united states', 'colorado', 'pueblo']","['Title, date and keywords based on information provided by the photographer.', 'The modernistic, five-story building offers views of the Arkansas Valley and historic Pueblo to the east, distant mountains such as Pikes Peak to the north, the Wet mountains to the west and Greenhorn and the Spanish peaks to the south. THe 109,000-square-foot facility was built on the site of the original library and retained a portion of it. It was designed by Albuquerque, New Mexico, architect Antoine Predock. Robert Hoag Rawlings was the longtime publisher of the local daily newspaper, the Pueblo Chieftain.', 'Credit line: Gates Frontiers Fund Colorado Collection within the Carol M. Highsmith Archive, Library of Congress, Prints and Photographs Division.', 'Gift; Gates Frontiers Fund; 2015; (DLC/PP-2015:068).', 'Forms part of: Gates Frontiers Fund Colorado Collection within the Carol M. Highsmith Archive.']","['america', 'public libraries', 'libraries', 'digital photographs', 'robert hoag rawlings', 'colorado', 'pueblo', 'color', 'dusk shots', 'united states', 'robert hoag rawlings public library', 'antoine predock']",https://tile.loc.gov/image-services/iiif/service:pnp:highsm:32700:32720/full/pct:25/0/default.jpg#h=1029&w=1530
Item,2024-12-18,../si676-assignment-1.1/collection-project/item-metadata\item_metadata-highsm.34640.json,"['Highsmith, Carol M., 1946-, photographer']","The Guernsey Branch Library, part of the Platte County library system, in Guernsey, a town in northeast Wyoming",2015-01-01,https://www.loc.gov/pictures/item/2017685123/,"{'photo, print, drawing': 'https://www.loc.gov/search/?fa=original_format:photo,+print,+drawing&fo=json'}",Description Unavailable,//hdl.loc.gov/loc.pnp/highsm.34640,No known restrictions on publication.,['english'],"['platte county', 'wyoming', 'guernsey', 'united states']","['Title, date and keywords based on information provided by the photographer.', 'Credit line: Gates Frontiers Fund Wyoming Collection within the Carol M. Highsmith Archive, Library of Congress, Prints and Photographs Division.', 'Gift; Gates Frontiers Fund; 2015; (DLC/PP-2015:069).', 'Forms part of: Gates Frontiers Fund Wyoming Collection within the Carol M. Highsmith Archive.']","['platte county', 'wyoming', 'guernsey', 'guernsey branch library', 'united states', 'libraries', 'digital photographs', 'public libraries', 'america', 'color']",https://tile.loc.gov/image-services/iiif/service:pnp:highsm:34600:34640/full/pct:25/0/default.jpg#h=1113&w=1602
Item,2024-12-18,../si676-assignment-1.1/collection-project/item-metadata\item_metadata-highsm.36052.json,"['Highsmith, Carol M., 1946-, photographer']","Public library building in the town of Antonito in Conejos County, Colorado, near the New Mexico border",2015-01-01,https://www.loc.gov/pictures/item/2017686535/,"{'photo, print, drawing': 'https://www.loc.gov/search/?fa=original_format:photo,+print,+drawing&fo=json'}",Description Unavailable,//hdl.loc.gov/loc.pnp/highsm.36052,No known restrictions on publication.,['english'],"['colorado', 'conejos county', 'united states', 'antonito']","['Title, date and keywords based on information provided by the photographer.', 'Credit line: Gates Frontiers Fund Colorado Collection within the Carol M. Highsmith Archive, Library of Congress, Prints and Photographs Division.', 'Gift; Gates Frontiers Fund; 2015; (DLC/PP-2015:068).', 'Forms part of: Gates Frontiers Fund Colorado Collection within the Carol M. Highsmith Archive.']","['library buildings', 'united states', 'digital photographs', 'colorado', 'america', 'conejos county', 'antonito', 'color']",https://tile.loc.gov/image-services/iiif/service:pnp:highsm:36000:36052/full/pct:12.5/0/default.jpg#h=724&w=1086
Item,2024-12-18,../si676-assignment-1.1/collection-project/item-metadata\item_metadata-highsm.41101.json,"['Highsmith, Carol M., 1946-, photographer']","Modernist stairway and bookstacks inside the Allen County Public Library in Fort Wayne, Indiana",2016-01-01,https://www.loc.gov/pictures/item/2016631919/,"{'photo, print, drawing': 'https://www.loc.gov/search/?fa=original_format:photo,+print,+drawing&fo=json'}",Description Unavailable,//hdl.loc.gov/loc.pnp/highsm.41101,No known restrictions on publication.,['english'],"['allen county', 'fort wayne', 'united states', 'indiana']","['Title, date and keywords based on information provided by the photographer.', 'Credit line: Photographs in the Carol M. Highsmith Archive, Library of Congress, Prints and Photographs Division.', 'Purchase; Carol M. Highsmith Photography, Inc.; 2016; (DLC/PP-2016:103-1).', 'Forms part of the Carol M. Highsmith Archive.']","['digital photographs', 'united states', 'public libraries', 'color', 'fort wayne', 'america', 'indiana', 'allen county', 'libraries', 'allen county public library']",https://tile.loc.gov/image-services/iiif/service:pnp:highsm:41100:41101/full/pct:12.5/0/default.jpg#h=724&w=1086
Item,2024-12-18,../si676-assignment-1.1/collection-project/item-metadata\item_metadata-highsm.42123.json,"['Highsmith, Carol M., 1946-, photographer']","An upright polar bear in Cincinnati, Ohio not at the zoo, since it's stuffed, or at the city's Museum Center, which owns the specimen, but at Cincinnati's main library",2016-01-01,https://www.loc.gov/pictures/item/2016632941/,"{'photo, print, drawing': 'https://www.loc.gov/search/?fa=original_format:photo,+print,+drawing&fo=json'}",Description Unavailable,//hdl.loc.gov/loc.pnp/highsm.42123,No known restrictions on publication.,['english'],"['cincinnati', 'ohio', 'hamilton county', 'united states']","['Title, date and keywords based on information provided by the photographer.', 'It is on loan from that museum for a period of two years while the facility, at the old Union Terminal train station, is being extensively renovated.', 'Credit line: Photographs in the Carol M. Highsmith Archive, Library of Congress, Prints and Photographs Division.', 'Purchase; Carol M. Highsmith Photography, Inc.; 2016; (DLC/PP-2016:103-4).', 'Forms part of the Carol M. Highsmith Archive.']","['digital photographs', 'polar bear exhibits', 'cincinnati main library', 'united states', 'color', 'polar bears', 'ohio', 'hamilton county', 'america', 'cincinnati', 'libraries']",https://tile.loc.gov/image-services/iiif/service:pnp:highsm:42100:42123/full/pct:25/0/default.jpg#h=1978&w=1398
Item,2024-12-18,../si676-assignment-1.1/collection-project/item-metadata\item_metadata-highsm.43863.json,"['Highsmith, Carol M., 1946-, photographer']",Historic library in the North Carolina Capitol in Raleigh,2017-01-01,https://www.loc.gov/pictures/item/2017880767/,"{'photo, print, drawing': 'https://www.loc.gov/search/?fa=original_format:photo,+print,+drawing&fo=json'}",Description Unavailable,//hdl.loc.gov/loc.pnp/highsm.43863,No known restrictions on publication.,['english'],"['wake county', 'united states', 'raleigh', 'north carolina']","['Title, date and keywords based on information provided by the photographer.', 'The former seat of the legislature, it still houses the offices of the governor of North Carolina governor and remains largely unchanged from its opening in 1840.', 'Purchase; Carol M. Highsmith Photography, Inc.; 2017; (DLC/PP-2016:103-7).', ""Forms part of: Carol M. Highsmith's America Project in the Carol M. Highsmith Archive."", ""Credit line: Photographs in Carol M. Highsmith's America Project in the Carol M. Highsmith Archive, Library of Congress, Prints and Photographs Division.""]","['wake county', 'america', 'capitols', 'digital photographs', 'raleigh', 'north carolina capitol library', 'color', 'north carolina', 'united states', 'north carolina capitol']",https://tile.loc.gov/image-services/iiif/service:pnp:highsm:43800:43863/full/pct:12.5/0/default.jpg#h=1058&w=1411
Item,2024-12-18,../si676-assignment-1.1/collection-project/item-metadata\item_metadata-highsm.48241.json,"['Highsmith, Carol M., 1946-, photographer']","The Cook Memorial Library, the public library of Tamworth, New Hampshire. The 1895 Queen Anne Victorian building began as a private ""social library"" established by Parson Samuel Hidden; the building was given to the village in memory of Charles Cook, a prominent local businessman and politician",2017-01-01,https://www.loc.gov/pictures/item/2017884872/,"{'photo, print, drawing': 'https://www.loc.gov/search/?fa=original_format:photo,+print,+drawing&fo=json'}",Description Unavailable,//hdl.loc.gov/loc.pnp/highsm.48241,No known restrictions on publication.,['english'],"['united states', 'new hampshire', 'tamworth']","['Title, date and keywords based on information provided by the photographer.', 'Purchase; Carol M. Highsmith Photography, Inc.; 2017; (DLC/PP-2016:103-10).', ""Forms part of: Carol M. Highsmith's America Project in the Carol M. Highsmith Archive."", ""Credit line: Photographs in Carol M. Highsmith's America Project in the Carol M. Highsmith Archive, Library of Congress, Prints and Photographs Division.""]","['queen anne style', 'cook memorial library', 'america', 'public libraries', 'libraries', 'digital photographs', 'charles cook', 'color', 'united states', 'new hampshire', 'tamworth']",https://tile.loc.gov/image-services/iiif/service:pnp:highsm:48200:48241/full/pct:12.5/0/default.jpg#h=1190&w=972
Item,2024-12-18,../si676-assignment-1.1/collection-project/item-metadata\item_metadata-highsm.49335.json,"['Highsmith, Carol M., 1946-, photographer']","Even a sculpted gila monster appears to be into reading near a Little Free Library (also known as a ""birdhouse library"") in the modest Dunbar Spring neighborhood of Tucson, Arizona",2018-01-01,https://www.loc.gov/pictures/item/2018663053/,"{'photo, print, drawing': 'https://www.loc.gov/search/?fa=original_format:photo,+print,+drawing&fo=json'}",Description Unavailable,//hdl.loc.gov/loc.pnp/highsm.49335,No known restrictions on publication.,['english'],"['tucson', 'united states', 'arizona']","['Title, date and keywords based on information provided by the photographer.', 'Little Free Libraries, now found in thousands of American neighborhoods, are book repositories where anyone and everyone is invited to leave a book, or take one without charge. Befitting the neighborhood, the monster, created by Hirotsune Tashima and Jason Butler, is reading a poem entitled, ""The End of the Chapter"" by Paul Laurence Dunbar.', 'Title, date and keywords based on information provided by the photographer.', 'Purchase; Carol M. Highsmith Photography, Inc.; 2018; (DLC/PP-2018:005)', ""Forms part of Carol M. Highsmith's America Project in the Carol M. Highsmith Archive."", 'Credit line: Photographs in the Carol M. Highsmith Archive, Library of Congress, Prints and Photographs Division.']","['gila monster sculptures', 'jason butler', 'united states', 'birdhouse libraries', 'hirotsune tashima', 'digital photographs', 'tucson', 'america', 'dunbar spring neighborhood', 'little free libraries', 'arizona', 'color']",https://tile.loc.gov/storage-services/service/pnp/highsm/49300/49335v.jpg#h=618&w=1024
Item,2024-12-18,../si676-assignment-1.1/collection-project/item-metadata\item_metadata-highsm.50410.json,"['Highsmith, Carol M., 1946-, photographer']","You wouldn't guess that this is a public library, but it is, in the little Wenatchee National Forest town of [Skykomish], Washington",2018-01-01,https://www.loc.gov/pictures/item/2018698612/,"{'photo, print, drawing': 'https://www.loc.gov/search/?fa=original_format:photo,+print,+drawing&fo=json'}",Description Unavailable,https://hdl.loc.gov/loc.pnp/highsm.50410,No known restrictions on publication.,['english'],"['skykomish', 'washington', 'king county', 'washington (state)', 'united states']","['Title, date and keywords based on information provided by the photographer.', 'Original caption spelled location as Skynomish.', 'Purchase; Carol M. Highsmith Photography, Inc.; 2018; (DLC/PP-2016:103-13)', ""Forms part of Carol M. Highsmith's America Project in the Carol M. Highsmith Archive."", 'Credit line: Photographs in the Carol M. Highsmith Archive, Library of Congress, Prints and Photographs Division.']","['skykomish public library', 'america', 'skykomish', 'wenatchee national forest', 'king county', 'digital photographs', 'washington (state)', 'united states', 'libraries', 'color']",https://tile.loc.gov/storage-services/service/pnp/highsm/50400/50410v.jpg#h=558&w=1024
Item,2024-12-18,../si676-assignment-1.1/collection-project/item-metadata\item_metadata-highsm.51772.json,"['Highsmith, Carol M., 1946-, photographer']","The Route 9 Library and Innovation Center in New Castle, Delaware, defines itself as ""a community learning and resource hub""",2018-01-01,https://www.loc.gov/pictures/item/2018699890/,"{'photo, print, drawing': 'https://www.loc.gov/search/?fa=original_format:photo,+print,+drawing&fo=json'}",Description Unavailable,https://hdl.loc.gov/loc.pnp/highsm.51772,No known restrictions on publication.,['english'],"['delaware', 'new castle', 'united states', 'new castle county']","['Title, date and keywords based on information provided by the photographer.', 'Purchase; Carol M. Highsmith Photography, Inc.; 2018; (DLC/PP-2018:052-1)', ""Forms part of Carol M. Highsmith's America Project in the Carol M. Highsmith Archive."", 'Credit line: Photographs in the Carol M. Highsmith Archive, Library of Congress, Prints and Photographs Division.']","['digital photographs', 'route 9 library and innovation center', 'united states', 'public libraries', 'delaware', 'color', 'america', 'new castle county', 'new castle']",https://tile.loc.gov/storage-services/service/pnp/highsm/51700/51772v.jpg#h=570&w=1024
Item,2024-12-18,../si676-assignment-1.1/collection-project/item-metadata\item_metadata-highsm.53335.json,"['Highsmith, Carol M., 1946-, photographer']","Library. Herbert Hoover Federal Building located in downtown Washington, D.C.",2018-01-01,https://www.loc.gov/pictures/item/2019631085/,"{'photo, print, drawing': 'https://www.loc.gov/search/?fa=original_format:photo,+print,+drawing&fo=json'}",Description Unavailable,//hdl.loc.gov/loc.pnp/highsm.53335,No known restrictions on publication.,['english'],"['washington d.c.', 'united states', 'district of columbia', 'washington (d.c.)']","['Architect is James A Wetmore and it was built in 1930. It is known as the Commerce Building.', 'Photographed as part of an assignment for the General Services Administration.', 'Title, date and keywords based on information provided by the photographer.', 'Credit line: Photographs in the Carol M. Highsmith Archive, Library of Congress, Prints and Photographs Division.', 'Purchase; Carol M. Highsmith; 2018; (DLC/PP-2017:162-8).', 'Forms part of: Photographs in the Carol M. Highsmith Archive.']","['herbert hoover federal building', 'district of columbia', 'commerce building', 'federal buildings', 'united states', 'libraries', 'digital photographs', 'america', 'gsa', 'james a. wetmore', 'washington (d.c.)', 'color']",https://tile.loc.gov/storage-services/service/pnp/highsm/53300/53335v.jpg#h=1000&w=1024
Item,2024-12-18,../si676-assignment-1.1/collection-project/item-metadata\item_metadata-highsm.60215.json,"['Highsmith, Carol M., 1946-, photographer']","The public library, with a creative book-themed facade, in the small city of Houston, Minnesota",2019-01-01,https://www.loc.gov/pictures/item/2020723718/,"{'photo, print, drawing': 'https://www.loc.gov/search/?fa=original_format:photo,+print,+drawing&fo=json'}",Description Unavailable,https://hdl.loc.gov/loc.pnp/highsm.60215,No known restrictions on publication.,['english'],"['united states', 'houston', 'minnesota']","['Title, date, and keywords based on information provided by the photographer.', 'Purchase; Carol M. Highsmith Photography, Inc.; 2019; (DLC/PP-2019:069).', ""Forms part of Carol M. Highsmith's America Project in the Carol M. Highsmith Archive.""]","['houston', 'united states', 'public libraries', 'digital photographs', 'color', 'minnesota', 'houston minnesota public library', 'america']",https://tile.loc.gov/storage-services/service/pnp/highsm/60200/60215v.jpg#h=741&w=1024
Item,2024-12-18,../si676-assignment-1.1/collection-project/item-metadata\item_metadata-highsm.64003.json,"['Highsmith, Carol M., 1946-, photographer']","An appropriately decorated ""Bookmobile"" bus belonging to the Perry County Public Library in Hazard, a coal town of 4,500 or so population in the hills of southeastern Kentucky",2020-01-01,https://www.loc.gov/pictures/item/2020722343/,"{'photo, print, drawing': 'https://www.loc.gov/search/?fa=original_format:photo,+print,+drawing&fo=json'}",Description Unavailable,https://hdl.loc.gov/loc.pnp/highsm.64003,No known restrictions on publication.,['english'],"['kentucky', 'hazard', 'united states', 'perry county']","['Title, date, keywords, and additional description details based on information provided by the photographer.', 'The small city was named for Oliver Hazard Perry (and the surrounding county is Perry County). Perry was a prominent naval hero in the early years of the American nation, famous for popularizing another mariner\'s cry, ""Don\'t give up the ship.""', 'Purchase; Carol M. Highsmith Photography, Inc.; 2020; (DLC/PP-2020:047).', ""Forms part of Carol M. Highsmith's America Project in the Carol M. Highsmith Archive.""]","['digital photographs', 'united states', 'color', 'america', 'oliver hazard perry', 'hazard', 'perry county public library', 'kentucky', 'bookmobiles', 'perry county']",https://tile.loc.gov/storage-services/service/pnp/highsm/64000/64003v.jpg#h=768&w=1024
Item,2024-12-18,../si676-assignment-1.1/collection-project/item-metadata\item_metadata-mrg.00432.json,"['Margolies, John, photographer']","Nampa Public Library, 11th Avenue, Nampa, Idaho",Creation Date Unavailable,https://www.loc.gov/pictures/item/2017702546/,"{'photo, print, drawing': 'https://www.loc.gov/search/?fa=original_format:photo,+print,+drawing&fo=json'}",Description Unavailable,https://hdl.loc.gov/loc.pnp/mrg.00432,"No known restrictions on publication. For more information, see ""John Margolies Roadside America Photograph Archive - Rights and Restrictions Information"" https://www.loc.gov/rr/print/res/723_marg.html",['english'],"['idaho', 'united states', 'nampa']","['Title, date and keywords based on information provided by the photographer.', 'Margolies categories: Libraries; Main Street.', 'Purchase; John Margolies 2007 (DLC/PP-2007:125).', 'Credit line: John Margolies Roadside America photograph archive (1972-2008), Library of Congress, Prints and Photographs Division.', 'General information about the John Margolies Roadside America photograph archive is available at http://hdl.loc.gov/loc.pnp/pp.mrg', 'Forms part of: John Margolies Roadside America photograph archive (1972-2008).']","['idaho', 'slides', 'nampa', 'libraries', 'united states', 'color']",https://tile.loc.gov/storage-services/service/pnp/mrg/00400/00432v.jpg#h=709&w=1024
Item,2024-12-18,../si676-assignment-1.1/collection-project/item-metadata\item_metadata-mrg.00785.json,"['Margolies, John, photographer']","Parmly Billings Library (Western Heritage Center), angle 1, Montana Avenue, Billings, Montana",Creation Date Unavailable,https://www.loc.gov/pictures/item/2017702899/,"{'photo, print, drawing': 'https://www.loc.gov/search/?fa=original_format:photo,+print,+drawing&fo=json'}",Description Unavailable,https://hdl.loc.gov/loc.pnp/mrg.00785,"No known restrictions on publication. For more information, see ""John Margolies Roadside America Photograph Archive - Rights and Restrictions Information"" https://www.loc.gov/rr/print/res/723_marg.html",['english'],"['billings', 'united states', 'montana']","['Title, date and keywords based on information provided by the photographer.', 'Margolies categories: Libraries; Main Street.', 'Purchase; John Margolies 2008 (DLC/PP-2008:109-1).', 'Credit line: John Margolies Roadside America photograph archive (1972-2008), Library of Congress, Prints and Photographs Division.', 'General information about the John Margolies Roadside America photograph archive is available at http://hdl.loc.gov/loc.pnp/pp.mrg', 'Forms part of: John Margolies Roadside America photograph archive (1972-2008).']","['slides', 'billings', 'united states', 'libraries', 'galleries & museums', 'montana', 'color']",https://tile.loc.gov/storage-services/service/pnp/mrg/00700/00785v.jpg#h=697&w=1024
Item,2024-12-18,../si676-assignment-1.1/collection-project/item-metadata\item_metadata-mrg.00788.json,"['Margolies, John, photographer']","Library, Dickason Street, Columbus, Wisconsin",Creation Date Unavailable,https://www.loc.gov/pictures/item/2017702902/,"{'photo, print, drawing': 'https://www.loc.gov/search/?fa=original_format:photo,+print,+drawing&fo=json'}",Description Unavailable,https://hdl.loc.gov/loc.pnp/mrg.00788,"No known restrictions on publication. For more information, see ""John Margolies Roadside America Photograph Archive - Rights and Restrictions Information"" https://www.loc.gov/rr/print/res/723_marg.html",['english'],"['columbus', 'wisconsin', 'united states']","['Title, date and keywords based on information provided by the photographer.', 'Margolies categories: Libraries; Main Street.', 'Purchase; John Margolies 2008 (DLC/PP-2008:109-1).', 'Credit line: John Margolies Roadside America photograph archive (1972-2008), Library of Congress, Prints and Photographs Division.', 'General information about the John Margolies Roadside America photograph archive is available at http://hdl.loc.gov/loc.pnp/pp.mrg', 'Forms part of: John Margolies Roadside America photograph archive (1972-2008).']","['slides', 'columbus', 'wisconsin', 'united states', 'libraries', 'color']",https://tile.loc.gov/storage-services/service/pnp/mrg/00700/00788v.jpg#h=699&w=1024
Item,2024-12-18,../si676-assignment-1.1/collection-project/item-metadata\item_metadata-npcc.28724.json,Creator Information Unavailable,"Reading room for blind, Library of Congress, [Washington, D.C.]",1920-01-01,//www.loc.gov/pictures/item/2016851550/,"{'photo, print, drawing': 'https://www.loc.gov/search/?fa=original_format:photo,+print,+drawing&fo=json'}",Description Unavailable,//hdl.loc.gov/loc.pnp/npcc.28724,"No known restrictions on publication. For more information, see National Photo Company Collection - Rights and Restrictions Information https://www.loc.gov/rr/print/res/275_npco.html",['english'],"['washington (d.c.)', 'district of columbia', 'united states', 'washington d.c.']","['Title from unverified data provided by the National Photo Company on the negative or negative sleeve.', 'Date from negatives in same range.', 'Gift; Herbert A. French; 1947.', 'General information about the National Photo Company collection is available at http://hdl.loc.gov/loc.pnp/pp.npco', 'This glass negative might show streaks and other blemishes resulting from a natural deterioration in the original coatings.', 'Temp. note: Batch six.']","['washington (d.c.)', 'united states', 'glass negatives', 'district of columbia']",https://tile.loc.gov/storage-services/service/pnp/npcc/28700/28724r.jpg#h=492&w=640
Item,2024-12-18,../si676-assignment-1.1/collection-project/item-metadata\item_metadata-ppbd.00600.json,"['Sierra, Teri, photographer']","The People's Library set up by the Occupy Wall Street protest movement in Zuccotti Park, New York City",Creation Date Unavailable,https://www.loc.gov/pictures/item/2015647967/,"{'photo, print, drawing': 'https://www.loc.gov/search/?fa=original_format:photo,+print,+drawing&fo=json'}",Description Unavailable,https://hdl.loc.gov/loc.pnp/ppbd.00600,No known restrictions on publication.,['english'],Location Information Unavailable,"['This catalog record contains preliminary data.', 'Title devised by Library staff.', 'One of two digital photographs from October 2011 showing several plastic tubs of reading material below a cardboard sign: ""The People\'s Library"" and plastic tubs of reading material, covered from the weather.', 'Gift; Teri Sierra; 2015; (DLC/PP-2015:076).']",Subject Information Unavailable,https://tile.loc.gov/storage-services/service/pnp/ppbd/00600/00600v.jpg#h=1024&w=765
Item,2024-12-18,../si676-assignment-1.1/collection-project/item-metadata\item_metadata-ppmsca.15375.json,"['Richardson, H. H. (Henry Hobson), 1838-1886, architect']","[Reading Room, Billings Memorial Library, University of Vermont, Burlington, Vermont]",1886-01-01,https://www.loc.gov/pictures/item/2007684791/,"{'photo, print, drawing': 'https://www.loc.gov/search/?fa=original_format:photo,+print,+drawing&fo=json'}",Description Unavailable,//hdl.loc.gov/loc.pnp/ppmsca.15375,No known restrictions on publication.,['english'],"['vermont', 'burlington']",['Title devised by Library staff.'],"['photographic prints', 'university of vermont', 'burlington', 'libraries', 'reading rooms', 'vermont', 'facilities']",https://tile.loc.gov/storage-services/service/pnp/ppmsca/15300/15375r.jpg#h=640&w=514
Item,2024-12-18,../si676-assignment-1.1/collection-project/item-metadata\item_metadata-ppmsca.15412.json,Creator Information Unavailable,"[Carnegie library in Pittsburgh, Pennsylvania]",1900-01-01,https://www.loc.gov/pictures/item/2007684172/,"{'photo, print, drawing': 'https://www.loc.gov/search/?fa=original_format:photo,+print,+drawing&fo=json'}","Photograph shows a reading room filled with children and young adults in the Pittsburgh, Pennsylvania, Carnegie library. Creating the first fully developed children's department in 1899 is one of the  historic milestones claimed by the Pittsburgh Carnegie Library.",//hdl.loc.gov/loc.pnp/ppmsca.15412,No known restrictions on publication.,['english'],"['pittsburgh', 'pennsylvania']",['Title devised by Library staff.'],"['photographic prints', 'carnegie libraries', 'pennsylvania', 'public libraries', 'pittsburgh', 'reading rooms']",https://tile.loc.gov/storage-services/service/pnp/ppmsca/15400/15412r.jpg#h=487&w=640
Item,2024-12-18,../si676-assignment-1.1/collection-project/item-metadata\item_metadata-ppmsca.15426.json,Creator Information Unavailable,Main entrance. Boston Public Library,1895-01-01,https://www.loc.gov/pictures/item/2007682033/,"{'photo, print, drawing': 'https://www.loc.gov/search/?fa=original_format:photo,+print,+drawing&fo=json'}",Photograph shows the staircase corridor at the main entrance of the Boston Public Library.,//hdl.loc.gov/loc.pnp/ppmsca.15426,No known restrictions on publication.,['english'],"['boston', 'massachusetts']","['26619 U.S. Copyright Office.', '69479-B-1 U.S. Copyright Office.', 'Title from item.', 'Copyright 1895 by Charles Pollock, Boston.']","['photographic prints', 'public libraries', 'boston public library', 'stairways', 'libraries', 'boston', 'massachusetts']",https://tile.loc.gov/storage-services/service/pnp/ppmsca/15400/15426r.jpg#h=640&w=514
Item,2024-12-18,../si676-assignment-1.1/collection-project/item-metadata\item_metadata-ppmsca.18016.json,['Detroit Photographic Co.'],"The Library of Congress, Washington",1902-01-01,https://www.loc.gov/pictures/item/2008678216/,"{'photo, print, drawing': 'https://www.loc.gov/search/?fa=original_format:photo,+print,+drawing&fo=json'}",Description Unavailable,https://hdl.loc.gov/loc.pnp/ppmsca.18016,No known restrictions on publication.,['english'],"['united states', 'washington d.c.', 'washington (d.c.)']","['Copyright 1902 by Detroit Photographic Co.', 'Title from item.', 'Title on inventory list: Library of Congress.', 'Similar image in LOT 12659 (LC-USZC4-12221).', 'Detroit Publishing Co. no. ""53209"".', 'Forms part of: Photochrom Print Collection.', 'More information about the Photochrom Print Collection is available at http://hdl.loc.gov/loc.pnp/pp.pgz']","['library of congress thomas jefferson building (washington, d.c.)', 'photochrom prints', 'libraries', 'united states', 'color', 'washington (d.c.)']",https://tile.loc.gov/storage-services/service/pnp/ppmsca/18000/18016r.jpg#h=472&w=640
Item,2024-12-18,../si676-assignment-1.1/collection-project/item-metadata\item_metadata-ppmsca.35590.json,"['Ross, Albert Randolph, 1869-1948, architect']","[Carnegie library, (Taunton, Mass.). Elevation]",1903-01-01,https://www.loc.gov/pictures/item/96514755/,"{'photo, print, drawing': 'https://www.loc.gov/search/?fa=original_format:photo,+print,+drawing&fo=json'}","Front elevation of library building, Taunton, Mass., built in 1903 The inscriptions on the building, ""Open Free to All"" and ""Bibliotheca Fons Eruditionis"" (The Library is a fountain of learning) reflect the importance of public libraries to their communities. Ross specialized in library design and had completed buildings in at least 12 cities by 1906. ""This design demonstrates his ability to achieve monumental effect in a structure of modest size."" (Source: Eyes of the nation) The Carnegie grant given in 1902 provided $70,000.",//hdl.loc.gov/loc.pnp/ppmsca.35590,No known restrictions on publication.,['english'],"['taunton', 'massachusetts']","['Title devised by Library staff.', 'Published in: Eyes of the nation : a visual history of the United States / Vincent Virga and curators of the Library of Congress ; historical commentary by Alan Brinkley. New York : Knopf, 1997, p. 219.', 'Exhibited: American Treasures of the Library of Congress, Washington, D.C., 2003-2004.', 'Exhibited: ""Andrew Carnegie : The Legacy That Changed the World"" at The Scottish Parliament, Main Hall, Edinburgh, Scotland, October 2013 - January 2014.', 'Unprocessed in PR 13 CN 1990:175 (CGL28673.18.1).']","['elevations', 'taunton', 'architectural drawings', 'libraries', 'massachusetts']",https://tile.loc.gov/storage-services/service/pnp/ppmsca/35500/35590r.jpg#h=401&w=640
Item,2024-12-18,../si676-assignment-1.1/collection-project/item-metadata\item_metadata-ppmscd.00084.json,"['Johnston, Frances Benjamin, 1864-1952, photographer']","[Interior view of library reading room with male and female students sitting at tables, reading, at the Tuskegee Institute]",1902-01-01,//www.loc.gov/pictures/item/2009632000/,"{'photo, print, drawing': 'https://www.loc.gov/search/?fa=original_format:photo,+print,+drawing&fo=json'}",Description Unavailable,//hdl.loc.gov/loc.pnp/ppmscd.00084,No known restrictions on publication.,['english'],"['tuskegee', 'alabama']","['Title devised by Library staff.', 'Corresponding photoprint is filed in LOT 2962.', 'Forms part of: Frances Benjamin Johnston collection (Library of Congress).']","['students', 'facilities', 'tuskegee normal and industrial institute', 'reading', 'education', 'tuskegee', 'reading rooms', 'glass negatives', 'alabama', 'libraries', 'african americans']",https://tile.loc.gov/storage-services/service/pnp/ppmscd/00000/00084r.jpg#h=518&w=640
